First Time Buyer Housing Affordability Index,,,,,,,,,,,,,,,,,,,,,,,,,,,,,,,,,,,,,,,,,,,,,,,,,,,,,,,,,,,
,,,,,,,,,,,,,,,,,,,,,,,,,,,,,,,,,,,,,,,,,,,,,,,,,,,,,,,,,,,
,,,,,,,,,,,,,,,,,,,,,,,,,,,,,,,,,,,,,,,,,,,,,,,,,,,,,,,,,,,
QTR,CA,US,Alameda,Amador,Butte,Calaveras,Contra Costa,Del Norte,El Dorado,Fresno,Glenn,Humboldt,Kern,Kings,Lake,Lassen,LA,Madera,Marin,Mariposa And Tuolumne,Mendocino,Merced,Mono,Monterey,Napa,Nevada,Orange,Placer,Plumas,Riverside,Sacramento,San Benito,San Bernardino,San Diego,San Francisco,San Joaquin,San Luis Obispo,San Mateo,Santa Barbara,Santa Clara,Santa Cruz,Shasta,Siskiyou,Solano,Sonoma,Stanislaus,Sutter,Tehama,Tulare,Tuolumne County,Ventura,Yolo,Yuba,,,,,,
2000.1,55%,71%,NA,NA,NA,NA,NA,NA,NA,74%,NA,NA,NA,NA,NA,NA,NA,NA,NA,NA,NA,NA,NA,NA,NA,NA,NA,NA,NA,NA,NA,NA,NA,NA,NA,NA,NA,NA,NA,NA,NA,NA,NA,NA,NA,NA,NA,NA,NA,NA,NA,NA,NA,,,,,,
2000.2,51%,69%,NA,NA,NA,NA,NA,NA,NA,70%,NA,NA,NA,NA,NA,NA,NA,NA,NA,NA,NA,NA,NA,NA,NA,NA,NA,NA,NA,NA,NA,NA,NA,NA,NA,NA,NA,NA,NA,NA,NA,NA,NA,NA,NA,NA,NA,NA,NA,NA,NA,NA,NA,,,,,,
2000.3,50%,68%,NA,NA,NA,NA,NA,NA,NA,69%,NA,NA,NA,NA,NA,NA,NA,NA,NA,NA,NA,NA,NA,NA,NA,NA,NA,NA,NA,NA,NA,NA,NA,NA,NA,NA,NA,NA,NA,NA,NA,NA,NA,NA,NA,NA,NA,NA,NA,NA,NA,NA,NA,,,,,,
2000.4,50%,70%,NA,NA,NA,NA,NA,NA,NA,69%,NA,NA,NA,NA,NA,NA,NA,NA,NA,NA,NA,NA,NA,NA,NA,NA,NA,NA,NA,NA,NA,NA,NA,NA,NA,NA,NA,NA,NA,NA,NA,NA,NA,NA,NA,NA,NA,NA,NA,NA,NA,NA,NA,,,,,,
2001.1,54%,72%,NA,NA,NA,NA,NA,NA,NA,72%,NA,NA,NA,NA,NA,NA,NA,NA,NA,NA,NA,NA,NA,NA,NA,NA,NA,NA,NA,NA,NA,NA,NA,NA,NA,NA,NA,NA,NA,NA,NA,NA,NA,NA,NA,NA,NA,NA,NA,NA,NA,NA,NA,,,,,,
2001.2,55%,72%,NA,NA,NA,NA,NA,NA,NA,71%,NA,NA,NA,NA,NA,NA,NA,NA,NA,NA,NA,NA,NA,NA,NA,NA,NA,NA,NA,NA,NA,NA,NA,NA,NA,NA,NA,NA,NA,NA,NA,NA,NA,NA,NA,NA,NA,NA,NA,NA,NA,NA,NA,,,,,,
2001.3,54%,73%,NA,NA,NA,NA,NA,NA,NA,70%,NA,NA,NA,NA,NA,NA,NA,NA,NA,NA,NA,NA,NA,NA,NA,NA,NA,NA,NA,NA,NA,NA,NA,NA,NA,NA,NA,NA,NA,NA,NA,NA,NA,NA,NA,NA,NA,NA,NA,NA,NA,NA,NA,,,,,,
2001.4,57%,75%,NA,NA,NA,NA,NA,NA,NA,71%,NA,NA,NA,NA,NA,NA,NA,NA,NA,NA,NA,NA,NA,NA,NA,NA,NA,NA,NA,NA,NA,NA,NA,NA,NA,NA,NA,NA,NA,NA,NA,NA,NA,NA,NA,NA,NA,NA,NA,NA,NA,NA,NA,,,,,,
2002.1,54%,75%,NA,NA,NA,NA,NA,NA,NA,71%,NA,NA,NA,NA,NA,NA,NA,NA,NA,NA,NA,NA,NA,NA,NA,NA,NA,NA,NA,NA,NA,NA,NA,NA,NA,NA,NA,NA,NA,NA,NA,NA,NA,NA,NA,NA,NA,NA,NA,NA,NA,NA,NA,,,,,,
2002.2,52%,75%,NA,NA,NA,NA,NA,NA,NA,71%,NA,NA,NA,NA,NA,NA,NA,NA,NA,NA,NA,NA,NA,NA,NA,NA,NA,NA,NA,NA,NA,NA,NA,NA,NA,NA,NA,NA,NA,NA,NA,NA,NA,NA,NA,NA,NA,NA,NA,NA,NA,NA,NA,,,,,,
2002.3,54%,75%,NA,NA,NA,NA,NA,NA,NA,69%,NA,NA,NA,NA,NA,NA,NA,NA,NA,NA,NA,NA,NA,NA,NA,NA,NA,NA,NA,NA,NA,NA,NA,NA,NA,NA,NA,NA,NA,NA,NA,NA,NA,NA,NA,NA,NA,NA,NA,NA,NA,NA,NA,,,,,,
2002.4,53%,76%,NA,NA,NA,NA,NA,NA,NA,69%,NA,NA,NA,NA,NA,NA,NA,NA,NA,NA,NA,NA,NA,NA,NA,NA,NA,NA,NA,NA,NA,NA,NA,NA,NA,NA,NA,NA,NA,NA,NA,NA,NA,NA,NA,NA,NA,NA,NA,NA,NA,NA,NA,,,,,,
2003.1,54%,76%,40%,NA,NA,NA,31%,NA,NA,68%,NA,NA,NA,NA,NA,NA,50%,NA,31%,NA,NA,54%,NA,NA,NA,NA,43%,NA,NA,56%,63%,NA,67%,42%,47%,NA,37%,35%,38%,48%,34%,NA,NA,NA,41%,NA,NA,NA,NA,NA,54%,NA,NA,,,,,,
2003.2,51%,75%,40%,NA,NA,NA,27%,NA,NA,67%,NA,NA,NA,NA,NA,NA,48%,NA,32%,NA,NA,53%,NA,NA,NA,NA,42%,NA,NA,54%,62%,NA,66%,41%,43%,NA,37%,34%,33%,49%,36%,NA,NA,NA,39%,NA,NA,NA,NA,NA,48%,NA,NA,,,,,,
2003.3,49%,74%,40%,NA,NA,NA,28%,NA,NA,64%,NA,NA,NA,NA,NA,NA,44%,NA,32%,NA,NA,52%,NA,NA,NA,NA,39%,NA,NA,53%,60%,NA,63%,37%,44%,NA,38%,36%,30%,48%,37%,NA,NA,NA,38%,NA,NA,NA,NA,NA,47%,NA,NA,,,,,,
2003.4,49%,75%,40%,NA,NA,NA,29%,NA,NA,63%,NA,NA,NA,NA,NA,NA,41%,NA,31%,NA,NA,49%,NA,NA,NA,NA,38%,NA,NA,50%,58%,NA,60%,34%,44%,NA,37%,35%,38%,48%,37%,NA,NA,NA,37%,NA,NA,NA,NA,NA,46%,NA,NA,,,,,,
2004.1,48%,76%,38%,NA,NA,NA,28%,NA,NA,61%,NA,NA,NA,NA,NA,NA,42%,NA,32%,NA,NA,52%,NA,NA,NA,NA,35%,NA,NA,46%,56%,NA,59%,32%,43%,NA,38%,35%,32%,48%,34%,NA,NA,NA,36%,NA,NA,NA,NA,NA,43%,NA,NA,,,,,,
2004.2,41%,73%,32%,NA,NA,NA,25%,NA,NA,55%,NA,NA,NA,NA,NA,NA,36%,NA,27%,NA,NA,44%,NA,NA,NA,NA,27%,NA,NA,39%,50%,NA,52%,26%,37%,NA,36%,31%,22%,43%,31%,NA,NA,NA,31%,NA,NA,NA,NA,NA,33%,NA,NA,,,,,,
2004.3,41%,72%,30%,NA,NA,NA,25%,NA,NA,50%,NA,NA,NA,NA,NA,NA,33%,NA,26%,NA,NA,40%,NA,NA,NA,NA,27%,NA,NA,37%,46%,NA,47%,23%,35%,NA,30%,30%,23%,42%,28%,NA,NA,NA,28%,NA,NA,NA,NA,NA,32%,NA,NA,,,,,,
2004.4,40%,71%,28%,NA,NA,NA,25%,NA,NA,50%,NA,NA,NA,NA,NA,NA,31%,NA,26%,NA,NA,36%,NA,NA,NA,NA,28%,NA,NA,36%,43%,NA,45%,24%,34%,NA,28%,30%,18%,41%,28%,NA,NA,NA,26%,NA,NA,NA,NA,NA,34%,NA,NA,,,,,,
2005.1,38%,70%,29%,NA,NA,NA,30%,NA,NA,51%,NA,NA,NA,NA,NA,NA,29%,NA,23%,NA,NA,45%,NA,NA,NA,NA,27%,NA,NA,40%,44%,NA,48%,24%,36%,NA,27%,27%,20%,37%,23%,NA,NA,NA,24%,NA,NA,NA,NA,NA,28%,NA,NA,,,,,,
2005.2,34%,67%,27%,NA,NA,NA,30%,NA,NA,47%,NA,NA,NA,NA,NA,NA,27%,NA,23%,NA,NA,41%,NA,NA,NA,NA,25%,NA,NA,38%,41%,NA,44%,23%,33%,NA,23%,23%,18%,33%,22%,NA,NA,NA,24%,NA,NA,NA,NA,NA,26%,NA,NA,,,,,,
2005.3,32%,65%,27%,NA,NA,NA,30%,NA,NA,45%,NA,NA,NA,NA,NA,NA,23%,NA,23%,NA,NA,36%,NA,NA,NA,NA,24%,NA,NA,37%,40%,NA,42%,22%,33%,NA,21%,24%,18%,33%,21%,NA,NA,NA,24%,NA,NA,NA,NA,NA,26%,NA,NA,,,,,,
2005.4,30%,64%,26%,NA,NA,NA,29%,NA,NA,43%,NA,NA,NA,NA,NA,NA,21%,NA,23%,NA,NA,35%,NA,NA,NA,NA,24%,NA,NA,35%,40%,NA,40%,22%,31%,NA,19%,23%,19%,32%,21%,NA,NA,NA,24%,NA,NA,NA,NA,NA,25%,NA,NA,,,,,,
2006.1,29%,65%,25%,NA,NA,NA,21%,NA,NA,44%,NA,NA,NA,NA,NA,NA,21%,NA,22%,NA,NA,37%,NA,NA,NA,NA,23%,NA,NA,33%,39%,NA,39%,22%,28%,NA,18%,21%,17%,29%,21%,NA,NA,NA,24%,NA,NA,NA,NA,NA,25%,NA,NA,,,,,,
2006.2,26%,63%,23%,NA,NA,NA,15%,NA,NA,42%,NA,NA,NA,NA,NA,NA,19%,NA,21%,NA,NA,36%,NA,NA,NA,NA,21%,NA,NA,32%,38%,NA,38%,21%,24%,NA,17%,19%,14%,25%,19%,NA,NA,NA,23%,NA,NA,NA,NA,NA,23%,NA,NA,,,,,,
2006.3,27%,63%,23%,NA,NA,NA,17%,NA,NA,43%,NA,NA,NA,NA,NA,NA,19%,NA,22%,NA,NA,41%,NA,NA,NA,NA,22%,NA,NA,25%,39%,NA,28%,21%,26%,NA,18%,20%,14%,26%,18%,NA,NA,NA,24%,NA,NA,NA,NA,NA,22%,NA,NA,,,,,,
2006.4,28%,65%,25%,NA,NA,NA,23%,NA,NA,46%,NA,NA,NA,NA,NA,NA,19%,NA,23%,NA,NA,41%,NA,NA,NA,NA,24%,NA,NA,34%,41%,NA,37%,23%,28%,NA,22%,21%,19%,29%,22%,NA,NA,NA,26%,NA,NA,NA,NA,NA,25%,NA,NA,,,,,,
2007.1,29%,66%,25%,NA,NA,NA,19%,NA,NA,47%,NA,NA,NA,NA,NA,NA,21%,NA,21%,NA,NA,46%,NA,NA,NA,NA,25%,NA,NA,35%,43%,NA,39%,23%,27%,NA,21%,19%,12%,27%,20%,NA,NA,NA,26%,NA,NA,NA,NA,NA,26%,NA,NA,,,,,,
2007.2,26%,64%,23%,NA,NA,NA,16%,NA,NA,47%,NA,NA,NA,NA,NA,NA,20%,NA,19%,NA,NA,46%,NA,NA,NA,NA,23%,NA,NA,35%,44%,NA,40%,23%,21%,NA,19%,18%,12%,21%,18%,NA,NA,NA,24%,NA,NA,NA,NA,NA,25%,NA,NA,,,,,,
2007.3,27%,64%,23%,NA,NA,NA,16%,NA,NA,48%,NA,NA,NA,NA,NA,NA,20%,NA,20%,NA,NA,48%,NA,NA,NA,NA,23%,NA,NA,36%,46%,NA,45%,24%,22%,NA,20%,18%,11%,21%,18%,NA,NA,NA,25%,NA,NA,NA,NA,NA,25%,NA,NA,,,,,,
2007.4,35%,67%,27%,NA,NA,NA,22%,NA,NA,49%,NA,NA,NA,NA,NA,NA,27%,NA,22%,NA,NA,51%,NA,NA,NA,NA,28%,NA,NA,42%,53%,NA,46%,31%,25%,NA,28%,19%,21%,24%,22%,NA,NA,NA,36%,NA,NA,NA,NA,NA,31%,NA,NA,,,,,,
2008.1,46%,71%,36%,NA,NA,NA,33%,NA,NA,58%,NA,NA,NA,NA,NA,NA,36%,NA,25%,NA,NA,63%,NA,NA,NA,NA,38%,NA,NA,57%,65%,NA,61%,43%,32%,NA,33%,24%,33%,33%,30%,NA,NA,NA,44%,NA,NA,NA,NA,NA,45%,NA,NA,,,,,,
2008.2,49%,69%,39%,NA,NA,NA,31%,NA,NA,62%,NA,NA,NA,NA,NA,NA,41%,NA,23%,NA,NA,71%,NA,NA,NA,NA,40%,NA,NA,60%,70%,NA,64%,46%,33%,NA,36%,26%,42%,34%,31%,NA,NA,NA,48%,NA,NA,NA,NA,NA,50%,NA,NA,,,,,,
2008.3,55%,70%,42%,NA,NA,NA,33%,NA,NA,67%,NA,NA,NA,NA,NA,NA,44%,NA,26%,NA,NA,76%,NA,NA,NA,NA,46%,NA,NA,68%,72%,NA,70%,51%,38%,NA,41%,15%,46%,41%,16%,NA,NA,NA,31%,NA,NA,NA,NA,NA,53%,NA,NA,,,,,,
2008.4,62%,74%,51%,NA,NA,NA,38%,NA,NA,72%,NA,NA,NA,NA,NA,NA,49%,NA,33%,NA,NA,81%,NA,NA,NA,NA,52%,NA,NA,73%,76%,NA,73%,57%,33%,NA,47%,40%,58%,53%,46%,NA,NA,NA,59%,NA,NA,NA,NA,NA,61%,NA,NA,,,,,,
2009.1,69%,77%,62%,NA,NA,NA,50%,NA,NA,77%,NA,NA,NA,NA,NA,NA,57%,NA,41%,NA,NA,84%,NA,NA,NA,NA,56%,NA,NA,77%,80%,NA,79%,60%,39%,NA,49%,51%,64%,62%,53%,NA,NA,NA,63%,NA,NA,NA,NA,NA,65%,NA,NA,,,,,,
2009.2,67%,76%,55%,NA,NA,NA,43%,NA,NA,78%,NA,NA,NA,NA,NA,NA,56%,NA,37%,NA,NA,84%,NA,NA,NA,NA,53%,NA,NA,79%,79%,NA,82%,59%,36%,NA,50%,39%,55%,58%,46%,NA,NA,NA,62%,NA,NA,NA,NA,NA,59%,NA,NA,,,,,,
2009.3,64%,76%,52%,NA,NA,NA,42%,NA,NA,76%,NA,NA,NA,NA,NA,NA,52%,NA,37%,NA,NA,83%,NA,NA,NA,NA,51%,NA,NA,78%,78%,NA,81%,56%,35%,NA,47%,40%,52%,53%,43%,NA,NA,NA,60%,NA,NA,NA,NA,NA,56%,NA,NA,,,,,,
2009.4,64%,78%,52%,NA,NA,NA,44%,NA,NA,77%,NA,NA,NA,NA,NA,NA,53%,NA,40%,NA,NA,84%,NA,NA,NA,NA,53%,NA,NA,78%,79%,NA,81%,57%,35%,NA,48%,41%,49%,52%,43%,NA,NA,NA,59%,NA,NA,NA,NA,NA,59%,NA,NA,,,,,,
2010.1,67%,79%,55%,NA,NA,NA,47%,NA,NA,78%,NA,NA,NA,79%,NA,NA,61%,79%,41%,NA,NA,86%,NA,74%,64%,NA,50%,75%,NA,77%,80%,NA,85%,58%,38%,NA,54%,43%,55%,56%,46%,NA,NA,83%,62%,NA,NA,NA,79%,NA,60%,NA,NA,,,,,,
2010.2,65%,78%,52%,NA,NA,NA,44%,NA,NA,78%,NA,NA,NA,79%,NA,NA,61%,81%,38%,NA,NA,84%,NA,72%,63%,NA,50%,76%,NA,76%,80%,NA,85%,58%,37%,NA,53%,41%,46%,52%,46%,NA,NA,83%,62%,NA,NA,NA,80%,NA,61%,NA,NA,,,,,,
2010.3,66%,79%,53%,NA,NA,NA,44%,NA,NA,79%,NA,NA,NA,80%,NA,NA,57%,81%,42%,NA,NA,85%,NA,75%,63%,NA,51%,77%,NA,77%,81%,NA,85%,60%,41%,NA,57%,43%,48%,54%,49%,NA,NA,85%,63%,NA,NA,NA,82%,NA,63%,NA,NA,,,,,,
2010.4,68%,81%,56%,NA,NA,NA,51%,NA,NA,81%,NA,NA,NA,82%,NA,NA,62%,83%,45%,NA,NA,87%,NA,76%,69%,NA,56%,79%,NA,79%,83%,NA,86%,62%,42%,NA,59%,49%,54%,59%,51%,NA,NA,85%,67%,NA,NA,NA,84%,NA,64%,NA,NA,,,,,,
2011.1,72%,82%,59%,NA,NA,NA,56%,NA,NA,83%,NA,NA,NA,85%,NA,NA,65%,82%,50%,NA,NA,87%,NA,77%,70%,NA,58%,81%,NA,80%,84%,NA,87%,63%,46%,NA,63%,55%,60%,63%,58%,NA,NA,87%,70%,NA,NA,NA,85%,NA,68%,NA,NA,,,,,,
2011.2,65%,82%,53%,NA,NA,NA,53%,NA,NA,80%,NA,NA,NA,86%,NA,NA,67%,86%,46%,NA,NA,87%,NA,77%,71%,NA,57%,82%,NA,81%,85%,NA,88%,58%,46%,NA,61%,47%,51%,59%,57%,NA,NA,88%,70%,NA,NA,NA,86%,NA,67%,NA,NA,,,,,,
2011.3,71%,81%,60%,NA,NA,NA,53%,NA,NA,83%,NA,NA,NA,88%,NA,NA,63%,87%,47%,NA,NA,86%,NA,76%,71%,NA,59%,82%,NA,81%,85%,NA,88%,65%,48%,NA,63%,51%,61%,60%,56%,NA,NA,87%,70%,NA,NA,NA,86%,NA,68%,NA,NA,,,,,,
2011.4,67%,83%,61%,NA,NA,NA,61%,NA,NA,83%,NA,NA,NA,84%,NA,NA,67%,87%,51%,NA,NA,87%,NA,76%,72%,NA,62%,79%,NA,81%,83%,NA,88%,67%,47%,NA,63%,54%,57%,64%,59%,NA,NA,88%,66%,NA,NA,NA,85%,NA,71%,NA,NA,,,,,,
2012.1,73%,83%,65%,NA,NA,NA,60%,NA,NA,84%,NA,NA,NA,87%,NA,NA,68%,88%,53%,NA,NA,87%,NA,74%,71%,NA,62%,82%,NA,80%,86%,NA,88%,67%,50%,NA,62%,57%,64%,65%,57%,NA,NA,88%,72%,NA,NA,NA,86%,NA,71%,NA,NA,,,,,,
2012.2,66%,81%,60%,NA,NA,NA,50%,NA,NA,83%,NA,NA,NA,86%,NA,NA,67%,86%,47%,NA,NA,87%,NA,74%,70%,NA,58%,81%,NA,79%,85%,NA,88%,65%,43%,NA,62%,46%,53%,56%,56%,NA,NA,88%,70%,NA,NA,NA,85%,NA,69%,NA,NA,,,,,,
2012.3,67%,81%,56%,NA,NA,NA,52%,NA,NA,82%,NA,NA,NA,86%,NA,NA,61%,87%,47%,NA,NA,85%,NA,72%,67%,NA,57%,80%,NA,78%,84%,NA,87%,64%,45%,NA,58%,46%,52%,56%,51%,NA,NA,87%,68%,NA,NA,NA,84%,NA,68%,NA,NA,,,,,,
2012.4,66%,82%,57%,NA,NA,NA,54%,NA,NA,82%,NA,NA,NA,87%,NA,NA,62%,86%,47%,NA,NA,85%,NA,70%,68%,NA,57%,79%,NA,77%,83%,NA,86%,63%,41%,NA,60%,47%,48%,55%,55%,NA,NA,85%,67%,NA,NA,NA,83%,NA,68%,NA,NA,,,,,,
2013.1,62%,79%,52%,NA,NA,NA,48%,NA,NA,78%,NA,NA,NA,84%,NA,NA,60%,87%,43%,NA,NA,81%,NA,63%,59%,NA,49%,74%,NA,71%,77%,NA,84%,57%,41%,NA,54%,43%,43%,51%,49%,NA,NA,80%,57%,NA,NA,NA,83%,NA,62%,NA,NA,,,,,,
2013.2,56%,75%,45%,NA,NA,NA,44%,NA,NA,75%,NA,NA,NA,84%,NA,NA,56%,84%,37%,NA,NA,79%,NA,57%,55%,NA,45%,69%,NA,67%,73%,NA,82%,53%,34%,NA,51%,36%,37%,45%,41%,NA,NA,78%,51%,NA,NA,NA,80%,NA,57%,NA,NA,,,,,,
2013.3,54%,74%,44%,NA,NA,NA,45%,NA,NA,73%,NA,NA,NA,73%,NA,NA,49%,80%,37%,NA,NA,76%,NA,54%,52%,NA,44%,68%,NA,66%,71%,NA,80%,51%,36%,NA,47%,36%,38%,45%,40%,NA,NA,76%,56%,NA,NA,NA,79%,NA,55%,NA,NA,,,,,,
2013.4,54%,76%,46%,NA,NA,NA,48%,NA,NA,73%,NA,NA,NA,81%,NA,NA,52%,83%,39%,NA,NA,77%,NA,53%,54%,NA,44%,68%,NA,64%,71%,NA,79%,52%,35%,NA,49%,38%,39%,47%,39%,NA,NA,76%,54%,NA,NA,NA,79%,NA,56%,NA,NA,,,,,,
2014.1,56%,78%,46%,NA,NA,NA,48%,NA,NA,73%,NA,NA,NA,81%,NA,NA,53%,80%,31%,NA,78%,78%,NA,48%,52%,NA,45%,67%,NA,64%,71%,NA,78%,51%,34%,66%,48%,34%,40%,46%,43%,NA,NA,73%,53%,69%,NA,NA,78%,NA,55%,NA,NA,,,,,,
2014.2,53%,75%,40%,NA,NA,NA,43%,NA,NA,72%,NA,NA,NA,81%,NA,NA,52%,71%,30%,NA,77%,77%,NA,50%,48%,NA,44%,66%,NA,63%,69%,NA,76%,50%,25%,64%,47%,33%,39%,42%,40%,NA,NA,72%,53%,68%,NA,NA,77%,NA,54%,NA,NA,,,,,,
2014.3,52%,75%,44%,NA,NA,NA,43%,NA,NA,71%,NA,NA,NA,80%,NA,NA,47%,71%,29%,NA,76%,76%,NA,50%,44%,NA,44%,66%,NA,63%,69%,NA,75%,49%,29%,63%,48%,34%,35%,44%,39%,NA,NA,71%,53%,67%,NA,NA,76%,NA,52%,NA,NA,,,,,,
2014.4,53%,76%,42%,NA,NA,NA,46%,NA,NA,71%,NA,NA,NA,78%,NA,NA,50%,76%,31%,NA,75%,75%,NA,51%,47%,NA,45%,66%,NA,63%,68%,NA,75%,51%,33%,64%,49%,35%,42%,44%,38%,NA,NA,71%,53%,67%,NA,NA,76%,NA,54%,NA,NA,,,,,,
2015.1,55%,77%,46%,70%,63%,NA,63%,NA,66%,69%,NA,62%,74%,79%,59%,NA,52%,69%,38%,67%,77%,77%,NA,53%,53%,NA,45%,67%,NA,63%,68%,55%,75%,51%,27%,53%,68%,29%,37%,44%,43%,70%,71%,69%,54%,69%,70%,76%,75%,NA,52%,57%,73%,,,,,,
2015.2,51%,74%,41%,NA,NA,NA,55%,NA,NA,68%,NA,NA,72%,79%,NA,NA,50%,69%,34%,NA,73%,73%,NA,51%,47%,NA,43%,65%,NA,61%,66%,NA,73%,47%,22%,59%,51%,26%,35%,40%,41%,NA,NA,68%,50%,64%,NA,NA,72%,NA,49%,NA,NA,,,,,,
2015.3,51%,74%,41%,69%,63%,NA,56%,NA,65%,67%,NA,62%,71%,78%,61%,NA,45%,68%,37%,52%,73%,73%,NA,51%,47%,NA,43%,65%,NA,61%,66%,58%,72%,46%,25%,50%,64%,27%,38%,40%,41%,71%,71%,67%,49%,67%,72%,76%,72%,NA,49%,55%,72%,,,,,,
2015.4,51%,75%,43%,70%,63%,NA,59%,NA,66%,67%,NA,62%,73%,78%,59%,NA,47%,68%,33%,51%,73%,73%,NA,49%,44%,NA,43%,65%,NA,60%,66%,55%,72%,47%,24%,49%,65%,29%,41%,41%,42%,70%,71%,67%,50%,66%,70%,76%,72%,NA,49%,57%,73%,,,,,,
2016.1,53%,75%,46%,67%,60%,NA,59%,NA,58%,69%,NA,61%,72%,75%,63%,NA,50%,70%,36%,49%,73%,73%,NA,48%,45%,NA,44%,67%,NA,62%,66%,57%,73%,49%,25%,47%,65%,31%,39%,41%,38%,68%,72%,67%,48%,68%,74%,77%,69%,NA,52%,57%,67%,,,,,,
2016.2,50%,73%,42%,68%,61%,NA,55%,NA,57%,65%,NA,61%,71%,72%,60%,NA,49%,71%,33%,52%,70%,70%,NA,46%,47%,NA,43%,66%,NA,61%,64%,57%,73%,48%,24%,47%,64%,27%,37%,37%,36%,66%,71%,65%,46%,66%,72%,76%,67%,NA,54%,54%,66%,,,,,,
2016.3,50%,73%,44%,70%,61%,NA,57%,NA,58%,67%,NA,58%,72%,75%,62%,NA,44%,67%,34%,66%,52%,70%,NA,46%,47%,NA,43%,66%,NA,61%,64%,55%,72%,48%,26%,63%,47%,29%,38%,41%,36%,66%,67%,65%,47%,67%,70%,75%,67%,NA,54%,54%,64%,,,,,,
2016.4,50%,73%,43%,67%,58%,NA,58%,NA,57%,66%,NA,58%,71%,73%,60%,NA,46%,68%,35%,66%,50%,66%,NA,48%,47%,NA,42%,65%,NA,60%,64%,56%,71%,46%,25%,62%,46%,28%,40%,40%,35%,64%,69%,64%,45%,65%,70%,76%,66%,NA,54%,55%,63%,,,,,,
2017.1,51%,73%,41%,64%,59%,NA,57%,NA,62%,66%,NA,55%,72%,71%,60%,NA,48%,67%,32%,64%,45%,70%,NA,43%,46%,NA,42%,64%,NA,60%,65%,54%,70%,48%,25%,63%,47%,29%,31%,37%,35%,68%,65%,65%,46%,66%,72%,73%,70%,65%,51%,55%,64%,,,,,,
2017.2,47%,71%,37%,60%,56%,66%,51%,NA,58%,64%,NA,55%,70%,70%,55%,79%,46%,64%,30%,66%,45%,67%,52%,40%,45%,59%,40%,62%,63%,58%,63%,54%,68%,45%,22%,61%,46%,24%,33%,32%,33%,65%,64%,63%,45%,65%,71%,74%,69%,64%,49%,52%,62%,,,,,,
2017.3,47%,71%,38%,62%,57%,63%,53%,NA,59%,63%,NA,53%,70%,70%,55%,78%,40%,63%,32%,68%,46%,66%,46%,41%,47%,59%,40%,63%,63%,57%,61%,53%,68%,45%,24%,59%,43%,25%,39%,33%,34%,66%,66%,63%,45%,64%,70%,73%,68%,64%,49%,51%,62%,,,,,,
2017.4,47%,71%,38%,61%,56%,67%,54%,NA,60%,63%,NA,53%,70%,69%,52%,79%,43%,67%,31%,65%,46%,67%,44%,40%,46%,58%,40%,63%,62%,57%,61%,52%,67%,45%,20%,59%,44%,24%,35%,30%,33%,65%,67%,63%,43%,64%,70%,73%,69%,65%,48%,51%,61%,,,,,,
2018.1,50%,72%,40%,63%,58%,63%,55%,NA,60%,64%,NA,55%,71%,71%,57%,80%,45%,68%,30%,63%,43%,62%,25%,42%,47%,54%,39%,63%,72%,58%,62%,54%,68%,46%,22%,58%,45%,23%,41%,30%,29%,67%,65%,61%,41%,66%,65%,69%,67%,67%,52%,59%,65%,,,,,,
2018.2,45%,69%,33%,64%,56%,61%,50%,NA,57%,63%,NA,52%,69%,70%,54%,77%,44%,67%,28%,58%,41%,61%,36%,38%,45%,51%,37%,60%,60%,57%,60%,53%,66%,43%,22%,56%,43%,21%,39%,28%,26%,64%,65%,59%,39%,64%,62%,69%,65%,63%,49%,52%,63%,,,,,,
2018.3,45%,69%,35%,62%,56%,60%,52%,NA,60%,62%,NA,52%,68%,70%,57%,79%,39%,67%,31%,59%,41%,59%,31%,39%,43%,51%,37%,61%,61%,57%,60%,50%,65%,42%,22%,56%,41%,22%,45%,32%,25%,62%,64%,58%,41%,63%,62%,68%,64%,61%,49%,54%,65%,,,,,,
2018.4,46%,70%,38%,62%,53%,62%,52%,NA,61%,62%,NA,53%,69%,70%,57%,79%,42%,66%,30%,57%,41%,59%,34%,39%,43%,54%,38%,61%,60%,57%,60%,51%,65%,43%,24%,56%,42%,24%,45%,33%,26%,63%,67%,59%,42%,63%,61%,66%,64%,66%,50%,55%,62%,,,,,,
2019.1,50%,72%,43%,63%,50%,63%,57%,NA,59%,63%,NA,54%,67%,75%,62%,76%,45%,69%,34%,60%,46%,64%,28%,45%,47%,58%,42%,64%,64%,57%,62%,51%,67%,47%,26%,61%,47%,28%,44%,36%,32%,62%,69%,64%,48%,65%,63%,60%,68%,62%,50%,56%,64%,,,,,,
2019.2,47%,70%,40%,57%,50%,61%,54%,NA,57%,63%,NA,54%,66%,72%,62%,76%,45%,68%,32%,62%,46%,64%,34%,43%,46%,58%,41%,63%,55%,57%,61%,55%,66%,46%,24%,60%,45%,26%,36%,34%,32%,64%,64%,64%,47%,64%,62%,64%,67%,64%,50%,55%,63%,,,,,,
2019.3,48%,70%,43%,65%,53%,64%,57%,NA,59%,64%,NA,54%,66%,72%,64%,77%,41%,68%,36%,61%,46%,65%,36%,43%,47%,59%,43%,65%,61%,58%,62%,55%,67%,48%,27%,61%,47%,30%,39%,38%,37%,64%,66%,64%,48%,64%,63%,63%,68%,65%,50%,55%,65%,,,,,,
2019.4,48%,71%,44%,65%,54%,62%,57%,NA,62%,63%,NA,55%,66%,73%,62%,75%,43%,67%,35%,63%,46%,66%,47%,42%,47%,58%,43%,65%,67%,58%,62%,54%,67%,47%,27%,62%,48%,30%,40%,38%,36%,65%,66%,64%,49%,65%,63%,63%,68%,67%,50%,57%,65%,,,,,,
2020.1,52%,73%,45%,68%,57%,63%,60%,63%,63%,66%,60%,60%,68%,75%,66%,76%,47%,69%,37%,63%,53%,65%,37%,45%,52%,61%,41%,64%,64%,60%,63%,62%,69%,49%,29%,62%,50%,30%,45%,38%,38%,67%,67%,65%,52%,67%,67%,65%,68%,68%,52%,59%,68%,,,,,,
2020.2,50%,71%,41%,67%,54%,63%,55%,56%,60%,65%,60%,59%,66%,74%,62%,79%,47%,68%,32%,60%,54%,65%,35%,44%,51%,60%,42%,62%,67%,59%,62%,58%,69%,48%,27%,60%,49%,27%,48%,36%,38%,67%,69%,63%,50%,65%,66%,69%,67%,68%,50%,58%,67%,,,,,,
2020.3,45%,69%,39%,66%,52%,62%,51%,54%,56%,64%,63%,57%,65%,75%,62%,76%,40%,66%,30%,53%,47%,61%,34%,36%,45%,56%,39%,60%,56%,56%,60%,54%,67%,44%,28%,60%,47%,26%,29%,36%,31%,66%,66%,62%,48%,64%,64%,64%,66%,67%,46%,53%,66%,,,,,,
2020.4,43%,69%,38%,65%,51%,58%,51%,51%,57%,63%,62%,54%,64%,73%,61%,79%,41%,66%,32%,57%,44%,62%,26%,34%,46%,55%,36%,59%,60%,55%,59%,52%,64%,43%,28%,58%,44%,27%,28%,35%,30%,64%,65%,61%,47%,62%,63%,62%,66%,65%,46%,53%,64%,,,,,,
2021.1,44%,69%,37%,61%,53%,57%,50%,51%,54%,62%,60%,55%,64%,74%,62%,75%,41%,63%,32%,55%,44%,63%,8%,33%,41%,53%,34%,57%,63%,53%,58%,53%,62%,43%,27%,59%,44%,26%,26%,33%,31%,64%,66%,62%,46%,60%,62%,62%,64%,64%,45%,54%,61%,,,,,,
2021.2,40%,65%,33%,59%,50%,54%,43%,52%,52%,59%,61%,50%,62%,72%,60%,76%,39%,62%,30%,56%,40%,61%,23%,34%,42%,51%,32%,55%,57%,51%,56%,48%,61%,39%,26%,55%,40%,24%,26%,30%,28%,62%,61%,60%,45%,59%,59%,55%,62%,62%,42%,48%,56%,,,,,,
2021.3,42%,67%,35%,61%,52%,56%,50%,52%,55%,59%,61%,51%,62%,73%,60%,80%,35%,62%,32%,55%,42%,61%,31%,38%,42%,52%,35%,57%,57%,52%,58%,50%,61%,41%,29%,56%,43%,26%,32%,33%,31%,62%,59%,62%,48%,59%,61%,56%,63%,62%,45%,50%,55%,,,,,,
2021.4,44%,67%,37%,61%,52%,58%,53%,57%,58%,58%,60%,50%,61%,72%,61%,77%,39%,61%,35%,51%,41%,62%,32%,37%,44%,55%,34%,59%,58%,51%,58%,51%,61%,42%,29%,57%,42%,26%,37%,33%,32%,63%,62%,63%,49%,59%,60%,58%,62%,63%,44%,51%,53%,,,,,,
2022.1,43%,65%,33%,60%,52%,56%,50%,51%,52%,55%,57%,50%,57%,70%,58%,76%,39%,58%,32%,51%,45%,59%,20%,35%,39%,52%,29%,56%,57%,49%,55%,48%,59%,39%,28%,55%,38%,25%,27%,29%,26%,61%,61%,61%,45%,56%,59%,54%,60%,58%,42%,47%,52%,,,,,,
2022.2,34%,58%,25%,55%,48%,50%,41%,51%,46%,51%,58%,45%,52%,62%,54%,72%,33%,54%,24%,44%,34%,55%,18%,31%,33%,46%,24%,49%,54%,43%,49%,39%,53%,31%,25%,48%,30%,24%,22%,26%,24%,56%,50%,54%,38%,51%,54%,52%,54%,54%,34%,42%,49%,,,,,,
2022.2,36%,59%,31%,56%,50%,54%,45%,46%,50%,51%,56%,42%,53%,62%,53%,73%,29%,55%,25%,42%,36%,55%,20%,30%,28%,45%,26%,52%,50%,44%,50%,44%,52%,33%,28%,50%,30%,27%,25%,28%,25%,58%,50%,54%,39%,51%,53%,56%,55%,55%,36%,43%,50%,,,,,,
,,,,,,,,,,,,,,,,,,,,,,,,,,,,,,,,,,,,,,,,,,,,,,,,,,,,,,,,,,,
,,,,,,,,,,,,,,,,,,,,,,,,,,,,,,,,,,,,,,,,,,,,,,,,,,,,,,,,,,,
,,,,,,,,,,,,,,,,,,,,,,,,,,,,,,,,,,,,,,,,,,,,,,,,,,,,,,,,,,,
,,,,,,,,,,,,,,,,,,,,,,,,,,,,,,,,,,,,,,,,,,,,,,,,,,,,,,,,,,,
,,,,,,,,,,,,,,,,,,,,,,,,,,,,,,,,,,,,,,,,,,,,,,,,,,,,,,,,,,,
,,,,,,,,,,,,,,,,,,,,,,,,,,,,,,,,,,,,,,,,,,,,,,,,,,,,,,,,,,,
,,,,,,,,,,,,,,,,,,,,,,,,,,,,,,,,,,,,,,,,,,,,,,,,,,,,,,,,,,,
,,,,,,,,,,,,,,,,,,,,,,,,,,,,,,,,,,,,,,,,,,,,,,,,,,,,,,,,,,,
,,,,,,,,,,,,,,,,,,,,,,,,,,,,,,,,,,,,,,,,,,,,,,,,,,,,,,,,,,,
,,,,,,,,,,,,,,,,,,,,,,,,,,,,,,,,,,,,,,,,,,,,,,,,,,,,,,,,,,,
,,,,,,,,,,,,,,,,,,,,,,,,,,,,,,,,,,,,,,,,,,,,,,,,,,,,,,,,,,,
,,,,,,,,,,,,,,,,,,,,,,,,,,,,,,,,,,,,,,,,,,,,,,,,,,,,,,,,,,,
,,,,,,,,,,,,,,,,,,,,,,,,,,,,,,,,,,,,,,,,,,,,,,,,,,,,,,,,,,,
,,,,,,,,,,,,,,,,,,,,,,,,,,,,,,,,,,,,,,,,,,,,,,,,,,,,,,,,,,,
,,,,,,,,,,,,,,,,,,,,,,,,,,,,,,,,,,,,,,,,,,,,,,,,,,,,,,,,,,,
,,,,,,,,,,,,,,,,,,,,,,,,,,,,,,,,,,,,,,,,,,,,,,,,,,,,,,,,,,,
,,,,,,,,,,,,,,,,,,,,,,,,,,,,,,,,,,,,,,,,,,,,,,,,,,,,,,,,,,,
,,,,,,,,,,,,,,,,,,,,,,,,,,,,,,,,,,,,,,,,,,,,,,,,,,,,,,,,,,,
,,,,,,,,,,,,,,,,,,,,,,,,,,,,,,,,,,,,,,,,,,,,,,,,,,,,,,,,,,,
,,,,,,,,,,,,,,,,,,,,,,,,,,,,,,,,,,,,,,,,,,,,,,,,,,,,,,,,,,,
,,,,,,,,,,,,,,,,,,,,,,,,,,,,,,,,,,,,,,,,,,,,,,,,,,,,,,,,,,,
,,,,,,,,,,,,,,,,,,,,,,,,,,,,,,,,,,,,,,,,,,,,,,,,,,,,,,,,,,,
,,,,,,,,,,,,,,,,,,,,,,,,,,,,,,,,,,,,,,,,,,,,,,,,,,,,,,,,,,,
,,,,,,,,,,,,,,,,,,,,,,,,,,,,,,,,,,,,,,,,,,,,,,,,,,,,,,,,,,,
,,,,,,,,,,,,,,,,,,,,,,,,,,,,,,,,,,,,,,,,,,,,,,,,,,,,,,,,,,,
,,,,,,,,,,,,,,,,,,,,,,,,,,,,,,,,,,,,,,,,,,,,,,,,,,,,,,,,,,,
,,,,,,,,,,,,,,,,,,,,,,,,,,,,,,,,,,,,,,,,,,,,,,,,,,,,,,,,,,,
,,,,,,,,,,,,,,,,,,,,,,,,,,,,,,,,,,,,,,,,,,,,,,,,,,,,,,,,,,,
,,,,,,,,,,,,,,,,,,,,,,,,,,,,,,,,,,,,,,,,,,,,,,,,,,,,,,,,,,,
,,,,,,,,,,,,,,,,,,,,,,,,,,,,,,,,,,,,,,,,,,,,,,,,,,,,,,,,,,,
,,,,,,,,,,,,,,,,,,,,,,,,,,,,,,,,,,,,,,,,,,,,,,,,,,,,,,,,,,,
,,,,,,,,,,,,,,,,,,,,,,,,,,,,,,,,,,,,,,,,,,,,,,,,,,,,,,,,,,,
,,,,,,,,,,,,,,,,,,,,,,,,,,,,,,,,,,,,,,,,,,,,,,,,,,,,,,,,,,,
,,,,,,,,,,,,,,,,,,,,,,,,,,,,,,,,,,,,,,,,,,,,,,,,,,,,,,,,,,,
,,,,,,,,,,,,,,,,,,,,,,,,,,,,,,,,,,,,,,,,,,,,,,,,,,,,,,,,,,,
,,,,,,,,,,,,,,,,,,,,,,,,,,,,,,,,,,,,,,,,,,,,,,,,,,,,,,,,,,,
,,,,,,,,,,,,,,,,,,,,,,,,,,,,,,,,,,,,,,,,,,,,,,,,,,,,,,,,,,,
,,,,,,,,,,,,,,,,,,,,,,,,,,,,,,,,,,,,,,,,,,,,,,,,,,,,,,,,,,,
,,,,,,,,,,,,,,,,,,,,,,,,,,,,,,,,,,,,,,,,,,,,,,,,,,,,,,,,,,,
,,,,,,,,,,,,,,,,,,,,,,,,,,,,,,,,,,,,,,,,,,,,,,,,,,,,,,,,,,,
,,,,,,,,,,,,,,,,,,,,,,,,,,,,,,,,,,,,,,,,,,,,,,,,,,,,,,,,,,,
,,,,,,,,,,,,,,,,,,,,,,,,,,,,,,,,,,,,,,,,,,,,,,,,,,,,,,,,,,,
,,,,,,,,,,,,,,,,,,,,,,,,,,,,,,,,,,,,,,,,,,,,,,,,,,,,,,,,,,,
,,,,,,,,,,,,,,,,,,,,,,,,,,,,,,,,,,,,,,,,,,,,,,,,,,,,,,,,,,,
,,,,,,,,,,,,,,,,,,,,,,,,,,,,,,,,,,,,,,,,,,,,,,,,,,,,,,,,,,,
,,,,,,,,,,,,,,,,,,,,,,,,,,,,,,,,,,,,,,,,,,,,,,,,,,,,,,,,,,,
,,,,,,,,,,,,,,,,,,,,,,,,,,,,,,,,,,,,,,,,,,,,,,,,,,,,,,,,,,,
,,,,,,,,,,,,,,,,,,,,,,,,,,,,,,,,,,,,,,,,,,,,,,,,,,,,,,,,,,,
,,,,,,,,,,,,,,,,,,,,,,,,,,,,,,,,,,,,,,,,,,,,,,,,,,,,,,,,,,,
,,,,,,,,,,,,,,,,,,,,,,,,,,,,,,,,,,,,,,,,,,,,,,,,,,,,,,,,,,,
,,,,,,,,,,,,,,,,,,,,,,,,,,,,,,,,,,,,,,,,,,,,,,,,,,,,,,,,,,,
,,,,,,,,,,,,,,,,,,,,,,,,,,,,,,,,,,,,,,,,,,,,,,,,,,,,,,,,,,,
,,,,,,,,,,,,,,,,,,,,,,,,,,,,,,,,,,,,,,,,,,,,,,,,,,,,,,,,,,,
,,,,,,,,,,,,,,,,,,,,,,,,,,,,,,,,,,,,,,,,,,,,,,,,,,,,,,,,,,,
,,,,,,,,,,,,,,,,,,,,,,,,,,,,,,,,,,,,,,,,,,,,,,,,,,,,,,,,,,,
,,,,,,,,,,,,,,,,,,,,,,,,,,,,,,,,,,,,,,,,,,,,,,,,,,,,,,,,,,,
,,,,,,,,,,,,,,,,,,,,,,,,,,,,,,,,,,,,,,,,,,,,,,,,,,,,,,,,,,,
,,,,,,,,,,,,,,,,,,,,,,,,,,,,,,,,,,,,,,,,,,,,,,,,,,,,,,,,,,,
